{
  "total_games": 1000,
  "completed_games": 1000,
  "failed_games": 0,
  "completion_rate": 100.0,
  "mean_turns": 37.01,
  "median_turns": 36.0,
  "std_turns": 7.374408450852176,
  "min_turns": 21,
  "max_turns": 66,
  "range_turns": 45,
  "q1_turns": 32.0,
  "q3_turns": 41.0,
  "iqr_turns": 9.0,
  "mean_rolls": 92.592,
  "median_rolls": 92.0,
  "std_rolls": 8.232346931464928,
  "min_rolls": 70,
  "max_rolls": 122,
  "range_rolls": 52,
  "q1_rolls": 87.0,
  "q3_rolls": 97.0,
  "iqr_rolls": 10.0,
  "rolls_per_turn": 2.558795479394,
  "cv_turns": 19.925448394628955,
  "cv_rolls": 8.890991588328289,
  "consistency_index_turns": 0.8882665386234518,
  "consistency_index_rolls": 0.9325217464634022,
  "p10_turns": 28.0,
  "p90_turns": 47.0,
  "p10_rolls": 82.0,
  "p90_rolls": 104.0,
  "strategy_name": "ML Strategy",
  "raw_turns": [
    41,
    38,
    47,
    25,
    29,
    30,
    36,
    42,
    40,
    35,
    55,
    31,
    50,
    24,
    27,
    45,
    43,
    34,
    32,
    52,
    39,
    38,
    35,
    38,
    53,
    63,
    42,
    26,
    36,
    37,
    45,
    42,
    43,
    34,
    31,
    42,
    35,
    38,
    26,
    39,
    44,
    37,
    30,
    35,
    41,
    30,
    47,
    45,
    25,
    39,
    37,
    37,
    48,
    44,
    29,
    30,
    32,
    35,
    34,
    42,
    36,
    37,
    38,
    30,
    35,
    34,
    48,
    30,
    36,
    27,
    36,
    42,
    39,
    39,
    35,
    24,
    37,
    40,
    54,
    37,
    26,
    33,
    33,
    36,
    42,
    45,
    54,
    29,
    35,
    34,
    32,
    39,
    28,
    44,
    32,
    37,
    40,
    45,
    29,
    35,
    25,
    32,
    33,
    41,
    46,
    32,
    33,
    31,
    48,
    42,
    34,
    37,
    31,
    42,
    33,
    32,
    37,
    30,
    34,
    42,
    27,
    28,
    34,
    34,
    42,
    31,
    40,
    31,
    63,
    33,
    38,
    26,
    51,
    42,
    37,
    41,
    46,
    46,
    46,
    28,
    52,
    30,
    53,
    36,
    30,
    29,
    30,
    29,
    47,
    26,
    27,
    33,
    47,
    25,
    36,
    49,
    41,
    35,
    35,
    31,
    51,
    58,
    36,
    47,
    37,
    57,
    36,
    45,
    28,
    37,
    33,
    41,
    41,
    44,
    35,
    41,
    37,
    33,
    27,
    28,
    41,
    33,
    39,
    42,
    38,
    34,
    26,
    32,
    27,
    39,
    43,
    36,
    38,
    35,
    40,
    38,
    47,
    41,
    33,
    32,
    33,
    44,
    33,
    26,
    36,
    57,
    32,
    44,
    36,
    46,
    31,
    31,
    29,
    33,
    36,
    37,
    40,
    34,
    37,
    41,
    36,
    27,
    31,
    27,
    45,
    30,
    37,
    34,
    28,
    33,
    36,
    38,
    49,
    44,
    42,
    33,
    58,
    26,
    39,
    35,
    26,
    36,
    32,
    28,
    36,
    32,
    33,
    48,
    34,
    34,
    41,
    33,
    38,
    26,
    31,
    34,
    42,
    42,
    42,
    38,
    45,
    33,
    42,
    32,
    36,
    40,
    23,
    38,
    42,
    35,
    40,
    39,
    33,
    38,
    43,
    27,
    39,
    33,
    33,
    41,
    28,
    25,
    47,
    55,
    52,
    37,
    41,
    39,
    37,
    40,
    36,
    41,
    46,
    24,
    33,
    60,
    38,
    25,
    60,
    39,
    32,
    29,
    35,
    36,
    55,
    28,
    43,
    38,
    38,
    36,
    41,
    43,
    31,
    45,
    30,
    33,
    35,
    39,
    36,
    33,
    36,
    39,
    24,
    36,
    60,
    33,
    24,
    31,
    40,
    29,
    38,
    49,
    38,
    35,
    45,
    38,
    37,
    39,
    34,
    32,
    35,
    24,
    39,
    29,
    27,
    36,
    36,
    34,
    37,
    33,
    49,
    46,
    31,
    32,
    31,
    26,
    25,
    47,
    26,
    43,
    29,
    42,
    33,
    28,
    35,
    40,
    34,
    37,
    33,
    25,
    47,
    28,
    39,
    32,
    41,
    33,
    32,
    43,
    24,
    29,
    32,
    39,
    31,
    36,
    37,
    32,
    26,
    43,
    35,
    47,
    39,
    35,
    42,
    22,
    37,
    40,
    35,
    40,
    40,
    27,
    34,
    39,
    37,
    38,
    62,
    37,
    39,
    31,
    53,
    36,
    47,
    26,
    43,
    51,
    49,
    30,
    34,
    51,
    34,
    37,
    31,
    43,
    28,
    28,
    43,
    38,
    34,
    35,
    37,
    38,
    40,
    23,
    47,
    27,
    51,
    29,
    30,
    52,
    43,
    41,
    38,
    40,
    36,
    30,
    57,
    31,
    38,
    57,
    24,
    38,
    39,
    45,
    60,
    49,
    32,
    35,
    27,
    29,
    39,
    25,
    39,
    48,
    46,
    53,
    37,
    37,
    45,
    31,
    26,
    38,
    45,
    36,
    28,
    32,
    31,
    40,
    41,
    47,
    30,
    32,
    37,
    44,
    39,
    39,
    50,
    32,
    34,
    25,
    46,
    55,
    25,
    30,
    34,
    55,
    35,
    35,
    29,
    43,
    37,
    39,
    49,
    34,
    38,
    32,
    36,
    52,
    45,
    36,
    66,
    33,
    38,
    36,
    25,
    26,
    36,
    37,
    29,
    50,
    29,
    30,
    30,
    31,
    41,
    33,
    33,
    30,
    36,
    38,
    28,
    36,
    41,
    31,
    50,
    28,
    38,
    30,
    31,
    37,
    40,
    42,
    31,
    29,
    26,
    49,
    33,
    46,
    41,
    40,
    36,
    37,
    40,
    33,
    41,
    35,
    36,
    32,
    36,
    25,
    32,
    37,
    35,
    29,
    32,
    37,
    32,
    38,
    45,
    33,
    46,
    30,
    35,
    33,
    23,
    30,
    47,
    48,
    37,
    36,
    41,
    47,
    33,
    49,
    27,
    28,
    41,
    35,
    42,
    39,
    43,
    38,
    44,
    51,
    47,
    31,
    46,
    35,
    38,
    41,
    37,
    34,
    36,
    45,
    35,
    49,
    49,
    42,
    35,
    36,
    32,
    46,
    35,
    36,
    38,
    42,
    32,
    29,
    49,
    45,
    37,
    58,
    32,
    39,
    31,
    25,
    29,
    43,
    52,
    38,
    35,
    33,
    40,
    28,
    35,
    30,
    47,
    26,
    39,
    38,
    31,
    43,
    41,
    28,
    38,
    35,
    29,
    26,
    41,
    25,
    36,
    40,
    41,
    36,
    36,
    22,
    41,
    49,
    38,
    36,
    28,
    45,
    41,
    31,
    30,
    26,
    39,
    34,
    31,
    45,
    43,
    51,
    43,
    28,
    40,
    36,
    36,
    31,
    30,
    44,
    31,
    37,
    45,
    33,
    34,
    34,
    56,
    42,
    39,
    37,
    30,
    35,
    47,
    40,
    50,
    36,
    34,
    37,
    39,
    43,
    43,
    35,
    27,
    33,
    31,
    36,
    37,
    35,
    36,
    25,
    38,
    32,
    30,
    40,
    56,
    31,
    40,
    36,
    43,
    35,
    35,
    45,
    37,
    28,
    47,
    28,
    42,
    31,
    30,
    35,
    32,
    30,
    38,
    36,
    58,
    41,
    48,
    34,
    56,
    32,
    35,
    34,
    47,
    52,
    28,
    31,
    21,
    33,
    36,
    47,
    40,
    33,
    27,
    30,
    30,
    26,
    35,
    44,
    56,
    40,
    31,
    31,
    24,
    40,
    39,
    45,
    38,
    33,
    39,
    37,
    31,
    44,
    37,
    30,
    32,
    36,
    51,
    37,
    45,
    26,
    38,
    44,
    35,
    39,
    27,
    32,
    26,
    38,
    31,
    40,
    37,
    34,
    31,
    37,
    27,
    36,
    31,
    40,
    35,
    27,
    26,
    37,
    35,
    34,
    38,
    36,
    38,
    33,
    35,
    41,
    38,
    35,
    43,
    41,
    42,
    35,
    35,
    44,
    33,
    30,
    37,
    33,
    35,
    29,
    34,
    46,
    31,
    37,
    28,
    31,
    48,
    35,
    37,
    38,
    29,
    30,
    33,
    39,
    40,
    31,
    47,
    33,
    35,
    39,
    36,
    42,
    35,
    43,
    49,
    29,
    40,
    27,
    35,
    27,
    37,
    40,
    28,
    38,
    29,
    41,
    32,
    41,
    29,
    44,
    41,
    34,
    34,
    42,
    46,
    24,
    32,
    33,
    35,
    36,
    25,
    45,
    45,
    43,
    37,
    31,
    39,
    49,
    50,
    37,
    34,
    35,
    27,
    47,
    38,
    43,
    37,
    42,
    46,
    31,
    35,
    33,
